Image,Class
image6245.jpg,Food
image10409.jpg,Attire
image8692.jpg,Attire
image10517.jpg,Food
image2580.jpg,Attire
image848.jpg,Food
image1232.jpg,Attire
image8386.jpg,Food
image9828.jpg,Food
image9033.jpg,Attire
image2857.jpg,Decorationandsignage
image7838.jpg,Decorationandsignage
image6337.jpg,Food
image3608.jpg,Food
image9190.jpg,Attire
image8586.jpg,Food
image8140.jpg,Attire
image8208.jpg,Attire
image1052.jpg,misc
image3926.jpg,Attire
image3726.jpg,Food
image1491.jpg,Decorationandsignage
image1572.jpg,Food
image3925.jpg,Attire
image4858.jpg,Attire
image1498.jpg,Attire
image6432.jpg,Food
image6175.jpg,Attire
image4756.jpg,Food
image9174.jpg,Food
image7285.jpg,Attire
image5797.jpg,Attire
image3666.jpg,Attire
image5597.jpg,Food
image5663.jpg,Food
image9985.jpg,Decorationandsignage
image7108.jpg,Attire
image3064.jpg,Attire
image1781.jpg,Attire
image9617.jpg,Attire
image7924.jpg,Attire
image5861.jpg,Attire
image4276.jpg,Attire
image7252.jpg,Food
image5331.jpg,Food
image8666.jpg,Food
image5984.jpg,Attire
image401.jpg,Food
image3483.jpg,misc
image10088.jpg,Attire
image6596.jpg,Attire
image318.jpg,Attire
image802.jpg,misc
image6218.jpg,Decorationandsignage
image4565.jpg,Attire
image37.jpg,Food
image2372.jpg,Food
image7920.jpg,Attire
image3571.jpg,Decorationandsignage
image5368.jpg,Attire
image753.jpg,misc
image10123.jpg,Food
image2107.jpg,Decorationandsignage
image1871.jpg,Food
image2731.jpg,Attire
image10828.jpg,Food
image217.jpg,Attire
image10788.jpg,Food
image8563.jpg,Attire
image5125.jpg,Food
image2719.jpg,Decorationandsignage
image6911.jpg,Food
image9095.jpg,Decorationandsignage
image5207.jpg,Attire
image7478.jpg,Attire
image7776.jpg,Food
image3644.jpg,Food
image8224.jpg,Attire
image2565.jpg,Food
image6160.jpg,misc
image2524.jpg,Food
image1722.jpg,Food
image8457.jpg,Attire
image8578.jpg,Attire
image1954.jpg,Attire
image7643.jpg,Attire
image7714.jpg,Attire
image307.jpg,Food
image1341.jpg,Attire
image8686.jpg,Food
image7887.jpg,Food
image3274.jpg,Food
image1426.jpg,Attire
image845.jpg,Attire
image1549.jpg,Food
image3503.jpg,Food
image2252.jpg,Attire
image2767.jpg,Food
image10562.jpg,Food
image7268.jpg,Attire
image9060.jpg,misc
image7529.jpg,Food
image3923.jpg,Attire
image6891.jpg,Attire
image5590.jpg,Attire
image4302.jpg,Attire
image9905.jpg,Food
image3328.jpg,Food
image9614.jpg,Attire
image1666.jpg,Decorationandsignage
image1795.jpg,Food
image2928.jpg,Food
image9002.jpg,Attire
image3621.jpg,Attire
image4196.jpg,Food
image10143.jpg,Food
image9736.jpg,Attire
image8658.jpg,Attire
image7313.jpg,Food
image3422.jpg,Food
image9391.jpg,Attire
image7732.jpg,Decorationandsignage
image9951.jpg,Food
image9627.jpg,Attire
image5146.jpg,Food
image8480.jpg,Attire
image1460.jpg,Food
image8731.jpg,Food
image6637.jpg,Attire
image3194.jpg,Attire
image9157.jpg,Attire
image5073.jpg,Attire
image6354.jpg,Attire
image7809.jpg,Food
image9849.jpg,Attire
image9965.jpg,Food
image7334.jpg,misc
image2284.jpg,Food
image5644.jpg,Food
image9675.jpg,Attire
image2866.jpg,Attire
image6954.jpg,Attire
image5395.jpg,Decorationandsignage
image9619.jpg,misc
image8834.jpg,Attire
image6991.jpg,Attire
image8762.jpg,Attire
image5474.jpg,Attire
image8691.jpg,Food
image7879.jpg,Food
image6092.jpg,Attire
image8918.jpg,Food
image7682.jpg,Food
image6034.jpg,Attire
image9572.jpg,Food
image4291.jpg,Decorationandsignage
image10625.jpg,Food
image7913.jpg,Attire
image8135.jpg,Food
image10242.jpg,Food
image7844.jpg,Attire
image7795.jpg,Food
image7694.jpg,Attire
image3760.jpg,Decorationandsignage
image7889.jpg,Attire
image528.jpg,misc
image4611.jpg,Food
image6782.jpg,Attire
image2964.jpg,Attire
image2054.jpg,misc
image7256.jpg,Attire
image4101.jpg,misc
image7368.jpg,Attire
image476.jpg,Food
image3695.jpg,Attire
image7845.jpg,Food
image3256.jpg,Attire
image7168.jpg,Attire
image9061.jpg,Food
image3908.jpg,Decorationandsignage
image7595.jpg,Food
image3883.jpg,Food
image4839.jpg,Food
image1152.jpg,Attire
image393.jpg,Attire
image675.jpg,Attire
image7312.jpg,Food
image8410.jpg,Decorationandsignage
image9789.jpg,Attire
image2595.jpg,Attire
image9221.jpg,Attire
image7929.jpg,Attire
image9492.jpg,Food
image9388.jpg,Food
image10433.jpg,misc
image5595.jpg,Food
image7434.jpg,Food
image9362.jpg,Attire
image9346.jpg,Attire
image6659.jpg,Attire
image7576.jpg,Food
image2759.jpg,Food
image1512.jpg,misc
image8242.jpg,Food
image2432.jpg,Attire
image1361.jpg,Food
image2091.jpg,Food
image6581.jpg,Food
image5385.jpg,Food
image2435.jpg,misc
image3085.jpg,Attire
image9244.jpg,Decorationandsignage
image5102.jpg,Food
image3063.jpg,Attire
image6467.jpg,Decorationandsignage
image4918.jpg,Food
image578.jpg,Food
image7939.jpg,Decorationandsignage
image5248.jpg,Decorationandsignage
image4645.jpg,Food
image10859.jpg,Attire
image7742.jpg,Food
image10366.jpg,Food
image9765.jpg,Food
image9238.jpg,Attire
image7857.jpg,Attire
image1240.jpg,Food
image8123.jpg,Food
image10304.jpg,Attire
image4722.jpg,Attire
image6515.jpg,Attire
image7727.jpg,Attire
image5253.jpg,Decorationandsignage
image8843.jpg,Attire
image9996.jpg,Attire
image3671.jpg,Attire
image5477.jpg,Attire
image8049.jpg,Attire
image3948.jpg,Attire
image2938.jpg,Decorationandsignage
image974.jpg,Food
image4635.jpg,Attire
image4113.jpg,Attire
image4811.jpg,Attire
image6062.jpg,Attire
image2823.jpg,Food
image9168.jpg,Attire
image2149.jpg,Attire
image6237.jpg,Attire
image5350.jpg,Attire
image10166.jpg,Attire
image1603.jpg,Attire
image3198.jpg,misc
image5806.jpg,Attire
image8601.jpg,Attire
image4070.jpg,Attire
image7146.jpg,Food
image8820.jpg,Attire
image6830.jpg,Food
image7457.jpg,Attire
image917.jpg,Attire
image8878.jpg,Food
image2894.jpg,Attire
image8755.jpg,Decorationandsignage
image8217.jpg,Food
image10292.jpg,Attire
image9911.jpg,Attire
image4697.jpg,Attire
image9786.jpg,Food
image5355.jpg,Attire
image3001.jpg,Attire
image7922.jpg,Food
image3850.jpg,Attire
image2773.jpg,Attire
image9296.jpg,Food
image9654.jpg,Attire
image5958.jpg,Attire
image7994.jpg,Decorationandsignage
image10700.jpg,misc
image4791.jpg,Attire
image9423.jpg,Attire
image4984.jpg,misc
image8742.jpg,Attire
image3227.jpg,Food
image1121.jpg,Attire
image9557.jpg,Attire
image5867.jpg,Food
image7264.jpg,Attire
image82.jpg,Food
image2226.jpg,Attire
image6487.jpg,Food
image1202.jpg,Attire
image2465.jpg,Decorationandsignage
image3124.jpg,Attire
image10201.jpg,Attire
image457.jpg,Food
image9449.jpg,Decorationandsignage
image3653.jpg,Food
image4375.jpg,Attire
image8980.jpg,Food
image2292.jpg,Attire
image4513.jpg,Attire
image8710.jpg,Decorationandsignage
image5016.jpg,Decorationandsignage
image9748.jpg,Attire
image5256.jpg,Food
image8312.jpg,Food
image5632.jpg,Attire
image8105.jpg,Food
image1284.jpg,Food
image7303.jpg,Food
image282.jpg,Attire
image9112.jpg,Attire
image597.jpg,Food
image3566.jpg,Attire
image5083.jpg,misc
image9746.jpg,Attire
image10072.jpg,Attire
image1318.jpg,Food
image5213.jpg,Attire
image5362.jpg,Food
image5234.jpg,Food
image7247.jpg,Food
image6125.jpg,Attire
image4569.jpg,Food
image9010.jpg,Food
image2279.jpg,Food
image7412.jpg,Decorationandsignage
image6559.jpg,Food
image455.jpg,Food
image8894.jpg,Attire
image3367.jpg,Food
image5736.jpg,Attire
image350.jpg,Attire
image5057.jpg,Attire
image3625.jpg,Decorationandsignage
image1920.jpg,Attire
image6692.jpg,Attire
image114.jpg,Attire
image7115.jpg,Attire
image7435.jpg,Attire
image736.jpg,Food
image1053.jpg,Attire
image6728.jpg,Attire
image8227.jpg,misc
image7719.jpg,Food
image5621.jpg,Attire
image2428.jpg,Attire
image389.jpg,Food
image10491.jpg,Attire
image10780.jpg,Decorationandsignage
image8024.jpg,Attire
image9249.jpg,Food
image5716.jpg,Attire
image3437.jpg,Food
image6943.jpg,Food
image10739.jpg,Food
image3472.jpg,Attire
image10486.jpg,Food
image5783.jpg,Food
image10164.jpg,Food
image3996.jpg,Food
image6422.jpg,Decorationandsignage
image8232.jpg,Attire
image1902.jpg,Food
image8672.jpg,Attire
image1410.jpg,Decorationandsignage
image10408.jpg,Food
image10114.jpg,Attire
image1330.jpg,Food
image10314.jpg,Attire
image7304.jpg,Attire
image10219.jpg,Food
image1964.jpg,misc
image6242.jpg,Attire
image6869.jpg,Attire
image1247.jpg,Decorationandsignage
image4278.jpg,Decorationandsignage
image4481.jpg,Food
image7815.jpg,Food
image2876.jpg,Food
image8673.jpg,Attire
image1385.jpg,Attire
image1961.jpg,Food
image1323.jpg,misc
image3501.jpg,Food
image3062.jpg,Attire
image660.jpg,Food
image4938.jpg,Attire
image6400.jpg,Food
image3552.jpg,Attire
image8620.jpg,Food
image3082.jpg,Food
image4376.jpg,Food
image6056.jpg,Food
image4519.jpg,Attire
image3271.jpg,Attire
image9670.jpg,Attire
image1829.jpg,Attire
image2360.jpg,Food
image1826.jpg,Food
image10228.jpg,Attire
image10142.jpg,Attire
image9420.jpg,Food
image2640.jpg,Attire
image9846.jpg,Attire
image3006.jpg,Attire
image6737.jpg,Decorationandsignage
image1057.jpg,Food
image9921.jpg,Attire
image9170.jpg,Food
image1831.jpg,Attire
image5552.jpg,Attire
image9664.jpg,Food
image682.jpg,Attire
image4465.jpg,Attire
image9350.jpg,Food
image10241.jpg,Attire
image2343.jpg,Attire
image8018.jpg,Attire
image4799.jpg,misc
image5730.jpg,Attire
image5899.jpg,Attire
image10468.jpg,Decorationandsignage
image935.jpg,Food
image7582.jpg,Food
image10010.jpg,Attire
image10539.jpg,Food
image2748.jpg,Food
image4030.jpg,Food
image8274.jpg,Attire
image6698.jpg,Food
image2274.jpg,Food
image3689.jpg,Attire
image3428.jpg,Attire
image4211.jpg,Attire
image5215.jpg,Decorationandsignage
image5137.jpg,misc
image6646.jpg,Attire
image1277.jpg,Food
image2702.jpg,Food
image6586.jpg,Food
image1797.jpg,Attire
image8726.jpg,Attire
image2762.jpg,Decorationandsignage
image5019.jpg,Food
image2038.jpg,Attire
image6359.jpg,Attire
image5734.jpg,Food
image6738.jpg,Food
image9123.jpg,Attire
image3595.jpg,Food
image896.jpg,Decorationandsignage
image119.jpg,Attire
image5026.jpg,Food
image7345.jpg,Food
image2505.jpg,Decorationandsignage
image2233.jpg,Attire
image5944.jpg,Food
image5423.jpg,Attire
image8147.jpg,Attire
image8440.jpg,Attire
image8678.jpg,Attire
image7624.jpg,Attire
image2165.jpg,Food
image4977.jpg,Food
image2730.jpg,Food
image8664.jpg,Food
image7330.jpg,Decorationandsignage
image6851.jpg,Food
image473.jpg,Food
image8268.jpg,Decorationandsignage
image6266.jpg,Food
image2253.jpg,Attire
image3307.jpg,Food
image4245.jpg,Attire
image8389.jpg,Food
image6634.jpg,Attire
image5377.jpg,Food
image2639.jpg,Decorationandsignage
image9259.jpg,Food
image7841.jpg,misc
image5741.jpg,Food
image3714.jpg,Attire
image5044.jpg,Decorationandsignage
image10182.jpg,Food
image7178.jpg,Attire
image8889.jpg,Food
image108.jpg,Attire
image1335.jpg,Attire
image3221.jpg,misc
image10053.jpg,Attire
image545.jpg,Food
image4877.jpg,Food
image1351.jpg,Decorationandsignage
image3434.jpg,Attire
image4931.jpg,Food
image9655.jpg,Attire
image1163.jpg,misc
image5921.jpg,Attire
image218.jpg,Food
image8028.jpg,Food
image5773.jpg,Attire
image2552.jpg,Attire
image6073.jpg,Attire
image4128.jpg,Attire
image3399.jpg,Decorationandsignage
image8780.jpg,Decorationandsignage
image8288.jpg,Food
image1312.jpg,Attire
image2728.jpg,Attire
image5466.jpg,Attire
image2891.jpg,Food
image6623.jpg,Food
image3233.jpg,Attire
image8826.jpg,Attire
image3142.jpg,Food
image8528.jpg,Attire
image5032.jpg,Food
image3166.jpg,Attire
image2711.jpg,Attire
image4056.jpg,Attire
image1328.jpg,Decorationandsignage
image100.jpg,Attire
image4754.jpg,Attire
image4392.jpg,Attire
image4434.jpg,Attire
image8856.jpg,Attire
image10427.jpg,Attire
image5226.jpg,Food
image8104.jpg,Attire
image4724.jpg,Food
image7633.jpg,Food
image1168.jpg,Attire
image4786.jpg,Attire
image8011.jpg,misc
image8417.jpg,Attire
image7090.jpg,Food
image2742.jpg,misc
image9836.jpg,Attire
image2152.jpg,misc
image9057.jpg,Attire
image2445.jpg,Attire
image2440.jpg,Food
image4770.jpg,Food
image4480.jpg,Attire
image10357.jpg,Attire
image4556.jpg,Decorationandsignage
image3835.jpg,Food
image10367.jpg,Attire
image5435.jpg,Food
image390.jpg,Attire
image2666.jpg,Food
image6566.jpg,Attire
image7418.jpg,Food
image7730.jpg,Attire
image4740.jpg,Attire
image3026.jpg,Attire
image7839.jpg,misc
image8613.jpg,Food
image5270.jpg,Attire
image4691.jpg,Food
image5623.jpg,Attire
image5711.jpg,Attire
image824.jpg,Attire
image8497.jpg,Food
image7446.jpg,Food
image5170.jpg,Attire
image5244.jpg,Food
image5275.jpg,Food
image8724.jpg,Food
image9345.jpg,Food
image9404.jpg,Attire
image2750.jpg,Food
image1643.jpg,Food
image1649.jpg,Food
image2932.jpg,Decorationandsignage
image9505.jpg,Food
image7172.jpg,Attire
image8711.jpg,misc
image238.jpg,Attire
image143.jpg,Food
image10568.jpg,Food
image2386.jpg,Food
image8567.jpg,Food
image6931.jpg,Attire
image294.jpg,Attire
image1165.jpg,Food
image5996.jpg,Food
image8948.jpg,Attire
image7751.jpg,Attire
image7620.jpg,Attire
image2520.jpg,Attire
image9887.jpg,Decorationandsignage
image2024.jpg,Attire
image6305.jpg,Food
image6000.jpg,Attire
image1994.jpg,misc
image7086.jpg,Attire
image10365.jpg,Food
image4311.jpg,Attire
image7338.jpg,Attire
image9769.jpg,Attire
image571.jpg,Food
image10028.jpg,Decorationandsignage
image4237.jpg,Attire
image3728.jpg,Attire
image2422.jpg,Attire
image9222.jpg,Food
image4393.jpg,Attire
image5645.jpg,Food
image8339.jpg,Attire
image2410.jpg,Food
image3248.jpg,Food
image1058.jpg,misc
image410.jpg,Food
image5468.jpg,Food
image9085.jpg,misc
image6324.jpg,Food
image3301.jpg,misc
image6908.jpg,Food
image9429.jpg,Attire
image126.jpg,Food
image9939.jpg,Attire
image6839.jpg,Attire
image1501.jpg,Attire
image7062.jpg,Attire
image5050.jpg,Food
image2184.jpg,Attire
image5176.jpg,Attire
image2045.jpg,Attire
image2111.jpg,Decorationandsignage
image10073.jpg,Attire
image6191.jpg,Attire
image10688.jpg,Attire
image3616.jpg,Attire
image3215.jpg,Decorationandsignage
image7517.jpg,Attire
image8107.jpg,misc
image6257.jpg,Food
image4448.jpg,Attire
image3410.jpg,Attire
image7148.jpg,Attire
image2910.jpg,Food
image7632.jpg,Attire
image2148.jpg,Food
image8549.jpg,Attire
image10294.jpg,misc
image9523.jpg,Food
image6678.jpg,Food
image8279.jpg,misc
image6021.jpg,Food
image7326.jpg,Food
image8077.jpg,Attire
image206.jpg,Attire
image6202.jpg,Food
image2633.jpg,Food
image4860.jpg,Food
image6264.jpg,Food
image7164.jpg,Food
image5725.jpg,Food
image10224.jpg,Attire
image5592.jpg,Food
image6236.jpg,Food
image3745.jpg,Food
image8472.jpg,Attire
image2918.jpg,Decorationandsignage
image3357.jpg,Attire
image6439.jpg,Food
image5767.jpg,Food
image6549.jpg,Attire
image3250.jpg,Food
image3935.jpg,Attire
image4983.jpg,Attire
image9705.jpg,Attire
image7487.jpg,Attire
image6766.jpg,Attire
image8544.jpg,Attire
image1355.jpg,Attire
image5782.jpg,Attire
image1024.jpg,Attire
image9109.jpg,Attire
image580.jpg,Attire
image3299.jpg,Food
image1432.jpg,misc
image1926.jpg,Attire
image5357.jpg,Attire
image1958.jpg,Attire
image8489.jpg,Attire
image2764.jpg,Food
image8187.jpg,Food
image792.jpg,Attire
image1231.jpg,Attire
image5140.jpg,Food
image5049.jpg,Food
image9525.jpg,Attire
image6431.jpg,Attire
image662.jpg,Attire
image7324.jpg,Decorationandsignage
image3762.jpg,Food
image5987.jpg,Attire
image7498.jpg,misc
image7539.jpg,Attire
image5356.jpg,Food
image9749.jpg,Attire
image9081.jpg,Attire
image7545.jpg,Food
image8264.jpg,Food
image3005.jpg,Food
image7182.jpg,Food
image9561.jpg,Food
image7405.jpg,Food
image3999.jpg,Attire
image3579.jpg,Attire
image2503.jpg,Food
image3888.jpg,Attire
image3032.jpg,Food
image8754.jpg,Food
image2167.jpg,Food
image8681.jpg,Attire
image9995.jpg,Decorationandsignage
image8623.jpg,Attire
image3335.jpg,Food
image1609.jpg,Food
image1654.jpg,Decorationandsignage
image10477.jpg,Attire
image9319.jpg,Food
image2736.jpg,Attire
image6916.jpg,Food
image1969.jpg,Food
image3096.jpg,misc
image9330.jpg,Attire
image3691.jpg,Attire
image9986.jpg,Attire
image10469.jpg,Decorationandsignage
image7410.jpg,Attire
image7123.jpg,Attire
image5482.jpg,Food
image444.jpg,Food
image4478.jpg,misc
image10889.jpg,Attire
image3289.jpg,Food
image6129.jpg,Attire
image631.jpg,Decorationandsignage
image8841.jpg,Attire
image8610.jpg,Food
image3951.jpg,Attire
image7868.jpg,Food
image2320.jpg,Attire
image10591.jpg,Attire
image6734.jpg,Food
image8205.jpg,Food
image2870.jpg,Food
image7528.jpg,Attire
image2359.jpg,Attire
image9372.jpg,Attire
image1804.jpg,Food
image10749.jpg,Decorationandsignage
image5862.jpg,misc
image8164.jpg,Attire
image6548.jpg,Attire
image5111.jpg,Food
image9745.jpg,Attire
image4838.jpg,Attire
image1540.jpg,Attire
image10645.jpg,Attire
image7847.jpg,Food
image9782.jpg,Food
image9977.jpg,Attire
image10634.jpg,Attire
image6498.jpg,Food
image9461.jpg,Decorationandsignage
image7709.jpg,Attire
image7127.jpg,Attire
image9118.jpg,Decorationandsignage
image6170.jpg,Attire
image5245.jpg,Food
image9482.jpg,misc
image7315.jpg,Attire
image3491.jpg,Food
image9709.jpg,Decorationandsignage
image2846.jpg,Attire
image6733.jpg,Attire
image5460.jpg,Food
image4043.jpg,Food
image9533.jpg,Decorationandsignage
image8824.jpg,Attire
image4861.jpg,Food
image9508.jpg,Food
image1556.jpg,Decorationandsignage
image1049.jpg,misc
image803.jpg,Attire
image1087.jpg,Food
image3627.jpg,Food
image8127.jpg,Food
image9577.jpg,Attire
image10819.jpg,Food
image10230.jpg,Food
image7740.jpg,Attire
image5130.jpg,Food
image7241.jpg,Attire
image6336.jpg,Food
image9105.jpg,Food
image9308.jpg,misc
image6470.jpg,Attire
image7951.jpg,Attire
image4766.jpg,Food
image4742.jpg,Food
image938.jpg,Attire
image7296.jpg,Food
image3829.jpg,Food
image3684.jpg,Attire
image895.jpg,Food
image226.jpg,Attire
image7564.jpg,Attire
image10074.jpg,Attire
image40.jpg,Attire
image8737.jpg,Attire
image3243.jpg,Attire
image1553.jpg,Food
image5822.jpg,Attire
image9271.jpg,Attire
image488.jpg,Food
image10752.jpg,Attire
image2873.jpg,Food
image3989.jpg,Decorationandsignage
image2133.jpg,Food
image9481.jpg,Attire
image2243.jpg,Food
image1243.jpg,Food
image4775.jpg,Attire
image8600.jpg,misc
image10416.jpg,Attire
image710.jpg,Food
image665.jpg,Food
image10772.jpg,Food
image10804.jpg,Attire
image4819.jpg,Attire
image6352.jpg,Food
image7509.jpg,Attire
image1035.jpg,Food
image6520.jpg,Attire
image3094.jpg,misc
image1523.jpg,Food
image7944.jpg,Food
image10867.jpg,Food
image1874.jpg,Attire
image5399.jpg,Food
image8156.jpg,Decorationandsignage
image5854.jpg,Attire
image4342.jpg,Food
image4220.jpg,Food
image10457.jpg,Food
image4401.jpg,Food
image107.jpg,Food
image6622.jpg,Decorationandsignage
image2423.jpg,Food
image3511.jpg,Attire
image1525.jpg,misc
image9661.jpg,misc
image4468.jpg,Food
image10261.jpg,Attire
image5324.jpg,Food
image6419.jpg,Food
image4924.jpg,Attire
image1618.jpg,Attire
image10065.jpg,Attire
image1359.jpg,Food
image8763.jpg,Attire
image10040.jpg,Decorationandsignage
image6163.jpg,Attire
image8538.jpg,Attire
image5654.jpg,Attire
image6260.jpg,Attire
image705.jpg,Food
image3615.jpg,Decorationandsignage
image5427.jpg,Food
image1362.jpg,Decorationandsignage
image10746.jpg,Attire
image6833.jpg,Food
image4008.jpg,Attire
image9729.jpg,Attire
image2154.jpg,Food
image10697.jpg,Food
image1267.jpg,Decorationandsignage
image2129.jpg,Food
image7658.jpg,Attire
image4867.jpg,Attire
image10835.jpg,Food
image2884.jpg,Attire
image9686.jpg,Attire
image10376.jpg,Food
image4225.jpg,Attire
image7995.jpg,Attire
image5227.jpg,Food
image10737.jpg,Food
image8760.jpg,Food
image176.jpg,Attire
image6094.jpg,Food
image2137.jpg,Food
image411.jpg,Attire
image6153.jpg,Food
image8782.jpg,Food
image10064.jpg,Attire
image2425.jpg,Food
image956.jpg,Attire
image394.jpg,Decorationandsignage
image3234.jpg,Attire
image9351.jpg,Attire
image1846.jpg,Decorationandsignage
image8517.jpg,Food
image6871.jpg,Food
image1236.jpg,Food
image3668.jpg,Attire
image8282.jpg,Food
image3353.jpg,Attire
image7540.jpg,Attire
image7536.jpg,Food
image3055.jpg,Food
image8874.jpg,Food
image130.jpg,Food
image4412.jpg,Attire
image3830.jpg,misc
image5634.jpg,Food
image9853.jpg,Food
image8204.jpg,Attire
image6998.jpg,Food
image7927.jpg,Food
image5152.jpg,Food
image9553.jpg,Food
image10388.jpg,Attire
image10670.jpg,Attire
image6193.jpg,Food
image5097.jpg,Attire
image8653.jpg,misc
image154.jpg,Attire
image9889.jpg,Attire
image2058.jpg,Attire
image9867.jpg,Attire
image10447.jpg,Attire
image5045.jpg,Attire
image4253.jpg,Decorationandsignage
image8530.jpg,misc
image2875.jpg,Food
image8967.jpg,Attire
image3196.jpg,Attire
image10079.jpg,Attire
image3975.jpg,misc
image6631.jpg,misc
image6016.jpg,Attire
image6791.jpg,Decorationandsignage
image7888.jpg,Decorationandsignage
image4807.jpg,Food
image3777.jpg,Attire
image4712.jpg,Food
image10520.jpg,Attire
image2977.jpg,Food
image7083.jpg,Food
image9343.jpg,Food
image6979.jpg,Attire
image386.jpg,Food
image5486.jpg,Food
image5361.jpg,Attire
image8730.jpg,Food
image3023.jpg,Attire
image8584.jpg,Decorationandsignage
image3246.jpg,Food
image878.jpg,Attire
image10105.jpg,Food
image6619.jpg,Food
image4382.jpg,Decorationandsignage
image7903.jpg,Decorationandsignage
image9589.jpg,Food
image3961.jpg,misc
image7659.jpg,Food
image4639.jpg,Decorationandsignage
image152.jpg,Food
image9790.jpg,Attire
image2354.jpg,Attire
image8652.jpg,Attire
image5124.jpg,Food
image8656.jpg,Food
image589.jpg,Food
image9866.jpg,Decorationandsignage
image9495.jpg,Food
image9966.jpg,Food
image5682.jpg,Food
image8169.jpg,Attire
image7768.jpg,Attire
image10099.jpg,Food
image1516.jpg,Food
image7198.jpg,Attire
image1791.jpg,Food
image1346.jpg,Attire
image4073.jpg,Attire
image10682.jpg,Attire
image22.jpg,Decorationandsignage
image2317.jpg,Food
image3173.jpg,Attire
image8998.jpg,Food
image4183.jpg,Attire
image6984.jpg,Attire
image7667.jpg,Decorationandsignage
image6014.jpg,Attire
image2956.jpg,Food
image2216.jpg,Attire
image5364.jpg,Food
image4212.jpg,misc
image8604.jpg,Attire
image6920.jpg,Food
image5813.jpg,Attire
image2953.jpg,Attire
image8358.jpg,Food
image3527.jpg,Food
image2325.jpg,Attire
image8245.jpg,Food
image1856.jpg,Attire
image10406.jpg,Attire
image3015.jpg,Food
image10451.jpg,Attire
image7163.jpg,Food
image1565.jpg,Attire
image2509.jpg,Food
image3279.jpg,Attire
image1103.jpg,Attire
image6759.jpg,Attire
image3153.jpg,misc
image7965.jpg,Attire
image8039.jpg,Food
image9120.jpg,Food
image5264.jpg,Food
image8462.jpg,Food
image2344.jpg,Attire
image3766.jpg,Attire
image4567.jpg,misc
image10654.jpg,Attire
image3896.jpg,Food
image9349.jpg,Food
image905.jpg,Attire
image3431.jpg,Decorationandsignage
image6929.jpg,Decorationandsignage
image7400.jpg,Food
image10394.jpg,Attire
image7663.jpg,Attire
image7199.jpg,misc
image10194.jpg,Attire
image7604.jpg,Food
image4205.jpg,Decorationandsignage
image2400.jpg,Attire
image8397.jpg,Food
image10200.jpg,Food
image8566.jpg,Attire
image6508.jpg,Food
image2722.jpg,Food
image1962.jpg,Food
image1629.jpg,Food
image10421.jpg,Food
image3423.jpg,Decorationandsignage
image7482.jpg,Attire
image8299.jpg,Food
image8003.jpg,Attire
image4093.jpg,Decorationandsignage
image459.jpg,Attire
image9542.jpg,Attire
image4506.jpg,Decorationandsignage
image5772.jpg,Attire
image4445.jpg,Decorationandsignage
image1223.jpg,Food
image364.jpg,Attire
image9549.jpg,Attire
image6185.jpg,Attire
image9261.jpg,Food
image6039.jpg,Decorationandsignage
image1013.jpg,Food
image8865.jpg,Decorationandsignage
image10860.jpg,misc
image8708.jpg,Food
image7895.jpg,Attire
image10497.jpg,Attire
image7118.jpg,Attire
image7826.jpg,Attire
image5135.jpg,Food
image3574.jpg,Food
image9037.jpg,Attire
image4134.jpg,Attire
image7649.jpg,Attire
image7693.jpg,Decorationandsignage
image9575.jpg,Attire
image4231.jpg,Food
image2518.jpg,Food
image5926.jpg,misc
image6272.jpg,Attire
image10076.jpg,Attire
image4173.jpg,Food
image9333.jpg,Food
image9119.jpg,Food
image3368.jpg,Food
image8482.jpg,Attire
image2619.jpg,Attire
image5839.jpg,misc
image6230.jpg,Food
image10618.jpg,Food
image5407.jpg,Food
image9858.jpg,misc
image7040.jpg,Food
image7805.jpg,misc
image10604.jpg,Food
image6618.jpg,Attire
image10529.jpg,Food
image156.jpg,Attire
image8758.jpg,Food
image2548.jpg,misc
image255.jpg,Attire
image10452.jpg,Food
image9518.jpg,Food
image3320.jpg,Attire
image241.jpg,Decorationandsignage
image8838.jpg,Food
image4431.jpg,Decorationandsignage
image3411.jpg,Attire
image5728.jpg,Food
image209.jpg,Attire
image4223.jpg,Food
image8220.jpg,Attire
image6855.jpg,Attire
image5674.jpg,Food
image5627.jpg,Attire
image5425.jpg,Food
image2479.jpg,Food
image9811.jpg,Attire
image7499.jpg,Attire
image1490.jpg,Attire
image4913.jpg,Food
image5420.jpg,Attire
image6608.jpg,Food
image2690.jpg,Attire
image4250.jpg,misc
image9724.jpg,Food
image6744.jpg,Food
image8956.jpg,Attire
image3721.jpg,Attire
image6684.jpg,Food
image6493.jpg,Attire
image10764.jpg,misc
image8700.jpg,Food
image9999.jpg,Attire
image4303.jpg,Attire
image3278.jpg,Attire
image9721.jpg,Attire
image808.jpg,Attire
image6294.jpg,Food
image4597.jpg,Food
image564.jpg,Attire
image6792.jpg,Food
image4781.jpg,Attire
image6526.jpg,Food
image4340.jpg,Food
image3561.jpg,Attire
image3058.jpg,Food
image10062.jpg,Food
image4034.jpg,Food
image6095.jpg,Decorationandsignage
image8629.jpg,misc
image2130.jpg,Attire
image1492.jpg,Food
image5677.jpg,Decorationandsignage
image6784.jpg,Attire
image2368.jpg,Attire
image7699.jpg,Food
image6793.jpg,Attire
image5143.jpg,Attire
image9049.jpg,misc
image2919.jpg,Food
image5299.jpg,Food
image9036.jpg,Attire
image10051.jpg,Food
image5596.jpg,Food
image3734.jpg,Food
image3329.jpg,Food
image1788.jpg,Decorationandsignage
image5577.jpg,Attire
image10249.jpg,Attire
image10505.jpg,Attire
image1478.jpg,Attire
image3720.jpg,Food
image2665.jpg,Food
image6083.jpg,misc
image6877.jpg,Attire
image1077.jpg,Attire
image5041.jpg,Attire
image10624.jpg,Attire
image7808.jpg,Food
image5123.jpg,Attire
image4625.jpg,Attire
image1822.jpg,Food
image3150.jpg,Attire
image9269.jpg,Food
image1576.jpg,Attire
image1250.jpg,Attire
image4152.jpg,Food
image4547.jpg,Food
image4900.jpg,Attire
image9547.jpg,Attire
image132.jpg,Food
image4038.jpg,Attire
image10671.jpg,Food
image2544.jpg,Attire
image2814.jpg,Food
image1644.jpg,Attire
image5411.jpg,misc
image5107.jpg,Attire
image4654.jpg,Food
image7957.jpg,Food
image323.jpg,Decorationandsignage
image7029.jpg,Food
image4704.jpg,Food
image4323.jpg,Decorationandsignage
image7892.jpg,misc
image7631.jpg,Food
image8110.jpg,Food
image10524.jpg,Food
image4863.jpg,Food
image6789.jpg,Food
image5084.jpg,Food
image8094.jpg,Attire
image4475.jpg,Food
image5555.jpg,Attire
image9127.jpg,Attire
image7485.jpg,Attire
image7685.jpg,Food
image5171.jpg,Attire
image3964.jpg,Decorationandsignage
image4381.jpg,Decorationandsignage
image6702.jpg,Food
image4596.jpg,Attire
image6212.jpg,misc
image4160.jpg,Attire
image5169.jpg,Attire
image10050.jpg,Attire
image7989.jpg,Food
image8864.jpg,Attire
image10379.jpg,Attire
image6423.jpg,Food
image8017.jpg,Attire
image5250.jpg,Food
image9448.jpg,Attire
image1993.jpg,Attire
image9183.jpg,Food
image8790.jpg,Attire
image7646.jpg,Attire
image3661.jpg,Food
image2430.jpg,Food
image6267.jpg,Attire
image9780.jpg,Food
image1552.jpg,Attire
image10643.jpg,Food
image3494.jpg,Decorationandsignage
image4782.jpg,Food
image8327.jpg,Food
image7793.jpg,Food
image4986.jpg,Food
image951.jpg,Food
image2634.jpg,Attire
image5876.jpg,Food
image2096.jpg,Attire
image5030.jpg,Food
image3228.jpg,misc
image9341.jpg,Attire
image4767.jpg,misc
image2333.jpg,Food
image3560.jpg,Food
image9462.jpg,Food
image8800.jpg,Food
image9881.jpg,Food
image5271.jpg,Food
image2467.jpg,Food
image6020.jpg,Food
image3652.jpg,Food
image3270.jpg,misc
image9029.jpg,Attire
image689.jpg,Attire
image9989.jpg,Food
image2280.jpg,Decorationandsignage
image6513.jpg,Food
image8988.jpg,misc
image3388.jpg,Food
image6666.jpg,Decorationandsignage
image9193.jpg,Attire
image7154.jpg,Food
image4135.jpg,Food
image846.jpg,Decorationandsignage
image10590.jpg,Attire
image3895.jpg,Attire
image8427.jpg,Food
image5541.jpg,Attire
image10407.jpg,Attire
image7403.jpg,Attire
image3014.jpg,Attire
image7791.jpg,Attire
image4640.jpg,Food
image6079.jpg,Food
image5737.jpg,Food
image8490.jpg,Decorationandsignage
image6009.jpg,Attire
image10246.jpg,Food
image2281.jpg,Food
image6138.jpg,Attire
image10340.jpg,Attire
image8342.jpg,Attire
image8422.jpg,misc
image2989.jpg,Food
image9767.jpg,Attire
image10300.jpg,Attire
image8468.jpg,Attire
image2278.jpg,Food
image10760.jpg,Food
image7289.jpg,Food
image8333.jpg,Attire
image1449.jpg,Food
image1985.jpg,Food
image10319.jpg,Decorationandsignage
image3872.jpg,Attire
image1768.jpg,Attire
image4906.jpg,misc
image1815.jpg,Attire
image6890.jpg,Decorationandsignage
image3216.jpg,Food
image6858.jpg,Food
image3239.jpg,Attire
image9774.jpg,Food
image5729.jpg,Attire
image953.jpg,Attire
image5433.jpg,Decorationandsignage
image3864.jpg,Decorationandsignage
image1775.jpg,Attire
image1306.jpg,Attire
image9806.jpg,Attire
image2772.jpg,Attire
image9175.jpg,Attire
image1477.jpg,Attire
image10102.jpg,Attire
image6880.jpg,Attire
image10537.jpg,Attire
image8660.jpg,Attire
image9791.jpg,Food
image4440.jpg,Attire
image6232.jpg,misc
image3092.jpg,Attire
image8087.jpg,Attire
image490.jpg,Food
image10103.jpg,Food
image6903.jpg,Attire
image5927.jpg,Food
image10001.jpg,Food
image6510.jpg,Attire
image8930.jpg,Food
image548.jpg,Food
image10252.jpg,Food
image9407.jpg,Attire
image7420.jpg,Food
image8016.jpg,Attire
image6142.jpg,Attire
image7195.jpg,misc
image7208.jpg,Food
image1050.jpg,Food
image5177.jpg,Food
image9923.jpg,Food
image759.jpg,Decorationandsignage
image5149.jpg,Attire
image5648.jpg,Attire
image7399.jpg,Attire
image5969.jpg,Decorationandsignage
image9436.jpg,Food
image10871.jpg,Attire
image6762.jpg,Attire
image10622.jpg,Food
image3867.jpg,Attire
image8785.jpg,Attire
image1118.jpg,Attire
image2507.jpg,Food
image8267.jpg,Attire
image3176.jpg,Food
image964.jpg,Food
image1662.jpg,Food
image9004.jpg,Attire
image3086.jpg,Food
image1943.jpg,Food
image2995.jpg,Attire
image6807.jpg,misc
image3776.jpg,Food
image3429.jpg,Attire
image10846.jpg,Food
image7873.jpg,Attire
image2834.jpg,Attire
image3426.jpg,Attire
image2653.jpg,Decorationandsignage
image1650.jpg,Food
image7437.jpg,Attire
image1054.jpg,Food
image4373.jpg,Food
image8090.jpg,Attire
image6912.jpg,Food
image7516.jpg,Attire
image10725.jpg,Decorationandsignage
image1391.jpg,Attire
image5476.jpg,Decorationandsignage
image1886.jpg,misc
image10324.jpg,Food
image6864.jpg,Food
image6671.jpg,Attire
image5880.jpg,Attire
image7752.jpg,Attire
image7736.jpg,Attire
image197.jpg,Food
image4330.jpg,Attire
image10721.jpg,Attire
image8525.jpg,Food
image8572.jpg,Decorationandsignage
image8136.jpg,Attire
image7193.jpg,Food
image2217.jpg,Food
image5181.jpg,Food
image10740.jpg,Food
image452.jpg,Attire
image8027.jpg,Decorationandsignage
image10607.jpg,Food
image4666.jpg,Food
image1342.jpg,Food
image6124.jpg,Attire
image7992.jpg,Attire
image636.jpg,Attire
image10370.jpg,Food
image5182.jpg,Attire
image6613.jpg,misc
image9805.jpg,Food
image4063.jpg,Food
image7963.jpg,Food
image4100.jpg,Attire
image2960.jpg,Attire
image10461.jpg,Food
image7812.jpg,Attire
image4054.jpg,Food
image6820.jpg,Decorationandsignage
image8917.jpg,Attire
image3798.jpg,Food
image7440.jpg,misc
image6278.jpg,Attire
image8053.jpg,Food
image4772.jpg,Food
image7287.jpg,Decorationandsignage
image10146.jpg,Attire
image8625.jpg,Food
image10082.jpg,Food
image8439.jpg,Attire
image9562.jpg,Food
image6517.jpg,Food
image5272.jpg,Decorationandsignage
image5638.jpg,Attire
image314.jpg,Attire
image8827.jpg,misc
image2220.jpg,Attire
image8201.jpg,Food
image10049.jpg,Attire
image4057.jpg,Attire
image1897.jpg,Attire
image1079.jpg,Attire
image10302.jpg,Attire
image2118.jpg,Decorationandsignage
image7417.jpg,Attire
image9808.jpg,Decorationandsignage
image8086.jpg,Attire
image5310.jpg,Attire
image6629.jpg,Attire
image3192.jpg,Attire
image7599.jpg,Food
image6614.jpg,Attire
image8175.jpg,Attire
image7295.jpg,Attire
image2815.jpg,Decorationandsignage
image4181.jpg,Food
image8723.jpg,Decorationandsignage
image4456.jpg,Food
image10789.jpg,Attire
image1248.jpg,Attire
image10541.jpg,Attire
image9753.jpg,Attire
image10426.jpg,Food
image743.jpg,Attire
image6239.jpg,Attire
image3112.jpg,Attire
image9936.jpg,Food
image4800.jpg,Decorationandsignage
image6521.jpg,Food
image9599.jpg,Attire
image9885.jpg,Attire
image10474.jpg,Food
image2510.jpg,Attire
image4853.jpg,Food
image8059.jpg,Food
image7431.jpg,Food
image4919.jpg,Attire
image6992.jpg,Food
image2497.jpg,Food
image5935.jpg,Food
image712.jpg,Attire
image518.jpg,Food
image4851.jpg,Food
image10648.jpg,Food
image5198.jpg,Attire
image7886.jpg,Food
image5246.jpg,Food
image8612.jpg,Attire
image1466.jpg,Attire
image1258.jpg,Attire
image5637.jpg,Food
image6048.jpg,Attire
image9090.jpg,Attire
image10183.jpg,Food
image1580.jpg,Food
image10420.jpg,misc
image9097.jpg,Food
image9524.jpg,Food
image7416.jpg,Attire
image3272.jpg,Attire
image2493.jpg,Food
image9719.jpg,Attire
image8690.jpg,Food
image4677.jpg,Food
image7355.jpg,Attire
image3463.jpg,Attire
image10755.jpg,misc
image10718.jpg,Food
image10616.jpg,Food
image568.jpg,Food
image4019.jpg,Attire
image1238.jpg,Attire
image4264.jpg,Attire
image6398.jpg,Food
image4907.jpg,Food
image6428.jpg,Food
image1591.jpg,Food
image3812.jpg,Attire
image10695.jpg,Food
image3724.jpg,Attire
image4752.jpg,Attire
image8885.jpg,Attire
image10354.jpg,Food
image10617.jpg,Food
image3859.jpg,Attire
image8251.jpg,Food
image8981.jpg,Decorationandsignage
image503.jpg,Attire
image10014.jpg,Food
image8328.jpg,Food
image8607.jpg,Food
image9683.jpg,Attire
image2442.jpg,misc
image7572.jpg,Food
image117.jpg,Attire
image8101.jpg,Decorationandsignage
image9224.jpg,Food
image6972.jpg,Food
image8537.jpg,Food
image6691.jpg,Attire
image10731.jpg,Food
image2376.jpg,Attire
image4972.jpg,Attire
image9432.jpg,misc
image6810.jpg,Attire
image9517.jpg,Attire
image8452.jpg,Food
image5787.jpg,Attire
image8577.jpg,Food
image5417.jpg,Attire
image5249.jpg,Food
image1990.jpg,Attire
image5279.jpg,Attire
image3079.jpg,misc
image8765.jpg,Food
image3387.jpg,Attire
image3481.jpg,misc
image3565.jpg,Decorationandsignage
image6456.jpg,Attire
image6654.jpg,Attire
image3739.jpg,Attire
image9283.jpg,Decorationandsignage
image6958.jpg,Attire
image5591.jpg,Food
image1262.jpg,Food
image8500.jpg,misc
image6647.jpg,Food
image5612.jpg,Attire
image5900.jpg,Food
image375.jpg,misc
image5157.jpg,Food
image10207.jpg,Food
image5082.jpg,Attire
image3427.jpg,Attire
image5099.jpg,Food
image6465.jpg,Attire
image10031.jpg,Attire
image9005.jpg,Food
image8362.jpg,Food
image2579.jpg,Attire
image2700.jpg,Attire
image4890.jpg,Food
image6221.jpg,Food
image3391.jpg,Attire
image4123.jpg,Attire
image54.jpg,Attire
image2363.jpg,misc
image5713.jpg,Attire
image4532.jpg,Attire
image3945.jpg,Food
image5799.jpg,Food
image4627.jpg,Attire
image303.jpg,Attire
image9788.jpg,Food
image10275.jpg,Attire
image4769.jpg,Attire
image8784.jpg,Attire
image1855.jpg,Food
image7782.jpg,Attire
image10163.jpg,Attire
image7588.jpg,Attire
image8202.jpg,Decorationandsignage
image8715.jpg,Attire
image8233.jpg,Decorationandsignage
image6516.jpg,Food
image832.jpg,Attire
image995.jpg,Attire
image5432.jpg,Food
image9478.jpg,Attire
image9755.jpg,Attire
image6224.jpg,Food
image7765.jpg,Food
image3377.jpg,Attire
image7606.jpg,Attire
image4268.jpg,Attire
image7170.jpg,Food
image2039.jpg,Attire
image7386.jpg,Food
image1111.jpg,Food
image8317.jpg,Food
image10052.jpg,Attire
image3562.jpg,Food
image6322.jpg,Attire
image6578.jpg,Attire
image6859.jpg,Attire
image6482.jpg,Food
image2850.jpg,Food
image7943.jpg,Attire
image9202.jpg,Attire
image8054.jpg,Food
image2983.jpg,Food
image5382.jpg,Food
image9743.jpg,Attire
image4736.jpg,Decorationandsignage
image4719.jpg,Attire
image5189.jpg,Food
image7000.jpg,Food
image4040.jpg,Attire
image4363.jpg,Attire
image2256.jpg,Attire
image4917.jpg,Food
image4911.jpg,Food
image2504.jpg,Attire
image502.jpg,Food
image9659.jpg,Food
image7803.jpg,Attire
image9058.jpg,Attire
image3354.jpg,Food
image4169.jpg,Attire
image4854.jpg,Food
image8419.jpg,Attire
image9280.jpg,Food
image3496.jpg,Attire
image7436.jpg,Attire
image6562.jpg,misc
image1496.jpg,Attire
image8257.jpg,misc
image9698.jpg,Attire
image9864.jpg,Food
image1181.jpg,Decorationandsignage
image8311.jpg,Attire
image5424.jpg,Attire
image9113.jpg,Attire
image4939.jpg,Food
image5003.jpg,Food
image8968.jpg,Food
image6640.jpg,Food
image5970.jpg,Food
image1195.jpg,Food
image244.jpg,misc
image7954.jpg,Decorationandsignage
image5587.jpg,Attire
image4299.jpg,Food
image658.jpg,Decorationandsignage
image9467.jpg,Food
image9772.jpg,Decorationandsignage
image8067.jpg,Attire
image7996.jpg,Food
image965.jpg,misc
image7821.jpg,Food
image7511.jpg,misc
image3839.jpg,Food
image563.jpg,Attire
image8603.jpg,Food
image7430.jpg,Attire
image10484.jpg,Attire
image6068.jpg,Food
image4692.jpg,misc
image8271.jpg,misc
image8957.jpg,Food
image6488.jpg,Food
image5015.jpg,Food
image6854.jpg,Food
image6350.jpg,Food
image8622.jpg,Attire
image7157.jpg,Food
image8641.jpg,Food
image2934.jpg,Decorationandsignage
image10632.jpg,Food
image1356.jpg,Decorationandsignage
image4678.jpg,misc
image4274.jpg,Attire
image109.jpg,Attire
image8803.jpg,misc
image8381.jpg,Food
image5770.jpg,Attire
image9862.jpg,Attire
image3970.jpg,Attire
image5150.jpg,Attire
image8347.jpg,Attire
image6994.jpg,misc
image4732.jpg,Food
image5579.jpg,Food
image6969.jpg,Food
image10222.jpg,Food
image2052.jpg,Food
image8428.jpg,Decorationandsignage
image75.jpg,Decorationandsignage
image10094.jpg,misc
image5565.jpg,Food
image7414.jpg,Food
image2682.jpg,Food
image4884.jpg,Food
image5641.jpg,Attire
image8775.jpg,Decorationandsignage
image10586.jpg,Food
image9639.jpg,Decorationandsignage
image10558.jpg,Attire
image4682.jpg,Food
image3245.jpg,Food
image9177.jpg,Food
image6097.jpg,Food
image2365.jpg,Food
image2974.jpg,Food
image7640.jpg,Food
image4699.jpg,Decorationandsignage
image3097.jpg,Attire
image9604.jpg,Attire
image10397.jpg,Attire
image5538.jpg,Food
image6246.jpg,Attire
image4259.jpg,Attire
image480.jpg,misc
image8055.jpg,misc
image9250.jpg,Food
image4846.jpg,Attire
image339.jpg,misc
image3740.jpg,Decorationandsignage
image1480.jpg,Attire
image1209.jpg,Food
image8239.jpg,Food
image4949.jpg,Attire
image4564.jpg,Decorationandsignage
image1429.jpg,Food
image8300.jpg,Attire
image6019.jpg,Food
image5605.jpg,Attire
image9422.jpg,Attire
image4293.jpg,Attire
image3136.jpg,Attire
image5511.jpg,Food
image10056.jpg,misc
image7117.jpg,Attire
image63.jpg,Attire
image423.jpg,Attire
image7753.jpg,Attire
image5858.jpg,Attire
image9920.jpg,Attire
image5295.jpg,Food
image2511.jpg,Food
image5038.jpg,misc
image461.jpg,Food
image3575.jpg,Attire
image10098.jpg,Food
image10519.jpg,Attire
image9665.jpg,Food
image10157.jpg,Food
image8912.jpg,Decorationandsignage
image10650.jpg,Food
image1695.jpg,Attire
image7519.jpg,Food
image7026.jpg,Attire
image9145.jpg,Attire
image6286.jpg,misc
image6006.jpg,Attire
image10579.jpg,Attire
image994.jpg,Food
image1303.jpg,Attire
image5706.jpg,Attire
image6512.jpg,Food
image5475.jpg,Food
image3211.jpg,Decorationandsignage
image5868.jpg,Food
image6985.jpg,misc
image8764.jpg,Food
image4903.jpg,Attire
image175.jpg,Attire
image5283.jpg,Attire
image5668.jpg,Food
image9551.jpg,Food
image10813.jpg,Food
image7294.jpg,Attire
image6672.jpg,Food
image6818.jpg,Attire
image10837.jpg,Food
image8373.jpg,Food
image6347.jpg,Attire
image5077.jpg,Decorationandsignage
image122.jpg,Attire
image3425.jpg,Attire
image4127.jpg,Decorationandsignage
image4585.jpg,Food
image6591.jpg,Food
image6648.jpg,Food
image4886.jpg,Food
image7222.jpg,Food
image8506.jpg,Attire
image6483.jpg,Food
image3362.jpg,Food
image1215.jpg,Food
image8650.jpg,Attire
image4017.jpg,Attire
image722.jpg,Attire
image4955.jpg,Food
image9206.jpg,Attire
image4546.jpg,Food
image9975.jpg,Attire
image2774.jpg,Attire
image8070.jpg,Attire
image9480.jpg,Food
image4355.jpg,Food
image9207.jpg,Attire
image1692.jpg,Food
image5335.jpg,Attire
image7548.jpg,Food
image10459.jpg,Food
image8277.jpg,Attire
image5732.jpg,Food
image4805.jpg,Attire
image4460.jpg,Attire
image3356.jpg,Food
image5873.jpg,Food
image10653.jpg,Attire
image5872.jpg,Decorationandsignage
image2708.jpg,Attire
image7141.jpg,Food
image6200.jpg,Attire
image7110.jpg,Attire
image9759.jpg,Attire
image1813.jpg,Food
image6353.jpg,Decorationandsignage
image484.jpg,misc
image7537.jpg,misc
image2238.jpg,misc
image2297.jpg,Food
image4421.jpg,Attire
image3765.jpg,Food
image5008.jpg,Attire
image10077.jpg,Attire
image9069.jpg,Food
image9273.jpg,Attire
image7135.jpg,Food
image1206.jpg,Attire
image5236.jpg,Attire
image10832.jpg,misc
image3554.jpg,Attire
image10637.jpg,Food
image5470.jpg,Food
image6443.jpg,Attire
image1948.jpg,Attire
image3897.jpg,Food
image5692.jpg,Attire
image4970.jpg,Food
image7597.jpg,Attire
image2194.jpg,Attire
image9576.jpg,Attire
image8761.jpg,Food
image7081.jpg,Decorationandsignage
image6330.jpg,Food
image5704.jpg,Attire
image9234.jpg,Attire
image9647.jpg,Decorationandsignage
image9107.jpg,Attire
image1098.jpg,Food
image5330.jpg,Food
image2159.jpg,Attire
image7105.jpg,Food
image365.jpg,Food
image7160.jpg,Attire
image8465.jpg,Attire
image4125.jpg,Food
image6556.jpg,Decorationandsignage
image9458.jpg,Attire
image6148.jpg,Food
image10521.jpg,Attire
image1938.jpg,Food
image4601.jpg,Attire
image721.jpg,Food
image7060.jpg,Attire
image4252.jpg,Attire
image3871.jpg,Attire
image6495.jpg,misc
image7862.jpg,Food
image4929.jpg,Decorationandsignage
image6271.jpg,Food
image297.jpg,Attire
image10444.jpg,Food
image6120.jpg,Attire
image6491.jpg,Food
image6927.jpg,Attire
image837.jpg,Food
image8938.jpg,misc
image6165.jpg,Attire
image2155.jpg,Food
image552.jpg,Attire
image4059.jpg,Attire
image5672.jpg,Attire
image4510.jpg,Attire
image8901.jpg,Food
image10456.jpg,Attire
image7301.jpg,Attire
image7717.jpg,Food
image4821.jpg,Food
image409.jpg,Attire
image6201.jpg,Food
image9143.jpg,Food
image3813.jpg,Food
image4675.jpg,Food
image3538.jpg,Food
image1124.jpg,Food
image10044.jpg,Attire
image8667.jpg,Food
image914.jpg,Attire
image9334.jpg,Attire
image133.jpg,Food
image8941.jpg,Food
image6706.jpg,Food
image10039.jpg,Food
image8952.jpg,Attire
image5421.jpg,Food
image4459.jpg,Food
image9199.jpg,Decorationandsignage
image1333.jpg,Food
image6111.jpg,Attire
image7380.jpg,Attire
image8772.jpg,Attire
image5326.jpg,Attire
image10417.jpg,Attire
image5835.jpg,Attire
image494.jpg,Attire
image7761.jpg,Food
image7255.jpg,Attire
image5455.jpg,Attire
image8543.jpg,Attire
image8030.jpg,Attire
image2608.jpg,Attire
image1573.jpg,Food
image1137.jpg,Food
image871.jpg,Attire
image1665.jpg,Attire
image926.jpg,Food
image1074.jpg,Attire
image284.jpg,Food
image8573.jpg,Food
image1570.jpg,Food
image4901.jpg,Attire
image6511.jpg,Decorationandsignage
image7143.jpg,Food
image8241.jpg,misc
image403.jpg,Food
image1927.jpg,Food
image9332.jpg,Food
image6379.jpg,Food
image7442.jpg,Decorationandsignage
image8965.jpg,Food
image2064.jpg,Attire
image5325.jpg,Attire
image3922.jpg,Attire
image8828.jpg,Food
image10829.jpg,Attire
image10240.jpg,Attire
image9242.jpg,Attire
image4746.jpg,Attire
image8269.jpg,Decorationandsignage
image4583.jpg,misc
image239.jpg,Attire
image8115.jpg,Food
image10093.jpg,Decorationandsignage
image10877.jpg,Attire
image3340.jpg,Attire
image7460.jpg,Food
image9876.jpg,Attire
image7325.jpg,Attire
image4147.jpg,Attire
image3939.jpg,Decorationandsignage
image2207.jpg,Food
image4387.jpg,Attire
image1092.jpg,Food
image9760.jpg,Food
image8739.jpg,Food
image4835.jpg,misc
image4804.jpg,Attire
image9064.jpg,Food
image5574.jpg,Attire
image10206.jpg,Attire
image7952.jpg,misc
image6187.jpg,Decorationandsignage
image8493.jpg,Attire
image3235.jpg,Attire
image10876.jpg,Attire
image5467.jpg,Attire
image10613.jpg,Attire
image5932.jpg,Attire
image7872.jpg,Attire
image3025.jpg,Food
image8064.jpg,Attire
image3348.jpg,Food
image1452.jpg,Food
image2237.jpg,Food
image252.jpg,Attire
image3417.jpg,Food
image10250.jpg,Food
image4590.jpg,Decorationandsignage
image8503.jpg,Attire
image6065.jpg,Attire
image7501.jpg,Attire
image9783.jpg,Attire
image1259.jpg,Attire
image8947.jpg,Food
image10430.jpg,Attire
image7318.jpg,Attire
image7411.jpg,Attire
image8794.jpg,Food
image6822.jpg,Food
image6033.jpg,Attire
image4837.jpg,Attire
image10271.jpg,Attire
image9829.jpg,Attire
image4362.jpg,Food
image76.jpg,Food
image7129.jpg,Decorationandsignage
image5765.jpg,Attire
image5398.jpg,Food
image10170.jpg,Attire
image6269.jpg,Attire
image7534.jpg,misc
image9744.jpg,Food
image7098.jpg,Attire
image9915.jpg,Attire
image9089.jpg,Food
image5691.jpg,Attire
image6297.jpg,Food
image4477.jpg,Food
image4013.jpg,Attire
image5520.jpg,Food
image3529.jpg,Food
image6067.jpg,Attire
image1198.jpg,Attire
image3081.jpg,Attire
image9347.jpg,Attire
image8831.jpg,Attire
image6026.jpg,Attire
image6925.jpg,Food
image10084.jpg,Attire
image6558.jpg,Attire
image7672.jpg,Food
image1534.jpg,Attire
image1471.jpg,Attire
image7512.jpg,Food
image9612.jpg,Food
image6729.jpg,Food
image4067.jpg,Food
image3738.jpg,Food
image1774.jpg,Attire
image5673.jpg,Attire
image8276.jpg,Food
image2984.jpg,Attire
image770.jpg,Food
image7344.jpg,Attire
image8102.jpg,Food
image7850.jpg,Attire
image989.jpg,misc
image6758.jpg,Attire
image7934.jpg,Attire
image7220.jpg,Decorationandsignage
image4010.jpg,Attire
image5488.jpg,misc
image7275.jpg,Attire
image10831.jpg,misc
image4325.jpg,Food
image2323.jpg,Food
image10664.jpg,Food
image8149.jpg,Attire
image8478.jpg,Food
image3326.jpg,Food
image9688.jpg,Attire
image5392.jpg,Decorationandsignage
image4607.jpg,Food
image7535.jpg,Attire
image9419.jpg,Attire
image1721.jpg,Attire
image8927.jpg,Attire
image6448.jpg,Attire
image9770.jpg,misc
image5439.jpg,Attire
image5408.jpg,Attire
image3642.jpg,Attire
image7024.jpg,Food
image2441.jpg,Attire
image1915.jpg,Food
image5843.jpg,Decorationandsignage
image4751.jpg,Attire
image6109.jpg,misc
image4046.jpg,Attire
image818.jpg,Food
image1906.jpg,Attire
image4718.jpg,Attire
image1624.jpg,Attire
image2751.jpg,Attire
image2550.jpg,Food
image6579.jpg,Attire
image9490.jpg,Food
image371.jpg,Food
image7068.jpg,Attire
image10567.jpg,Attire
image347.jpg,Attire
image9792.jpg,Attire
image6210.jpg,Attire
image6207.jpg,Food
image4214.jpg,Food
image4151.jpg,Food
image1756.jpg,Food
image7916.jpg,Food
image2242.jpg,Attire
image1558.jpg,Attire
image8740.jpg,Food
image2621.jpg,Attire
image7860.jpg,Food
image4771.jpg,Attire
image1696.jpg,Attire
image3586.jpg,misc
image4053.jpg,Food
image6690.jpg,Attire
image4721.jpg,Food
image7048.jpg,Food
image9928.jpg,Food
image6636.jpg,Food
image7283.jpg,Attire
image1146.jpg,Food
image6543.jpg,Attire
image3709.jpg,Attire
image1430.jpg,Food
image8321.jpg,Food
image8165.jpg,Attire
image7523.jpg,Food
image10269.jpg,Decorationandsignage
image7738.jpg,Food
image10481.jpg,Attire
image7188.jpg,Food
image10598.jpg,Food
image8545.jpg,Attire
image2116.jpg,Attire
image2833.jpg,Food
image4315.jpg,Attire
image8619.jpg,Decorationandsignage
image3147.jpg,Food
image10133.jpg,Food
image6831.jpg,Attire
image3117.jpg,misc
image2035.jpg,Food
image5042.jpg,Food
image9802.jpg,Food
image3052.jpg,Attire
image4018.jpg,Food
image1562.jpg,misc
image10743.jpg,Attire
image6088.jpg,Food
image10765.jpg,Food
image8099.jpg,Food
image7217.jpg,Attire
image10542.jpg,Food
image1055.jpg,Food
image6620.jpg,misc
image7549.jpg,Decorationandsignage
image6577.jpg,Attire
image2806.jpg,Attire
image6507.jpg,Attire
image9501.jpg,Attire
image4068.jpg,Food
image4487.jpg,Food
image5583.jpg,Attire
image8379.jpg,Attire
image6288.jpg,Attire
image8412.jpg,Food
image5472.jpg,misc
image7352.jpg,Food
image1524.jpg,Food
image979.jpg,Attire
image2335.jpg,Decorationandsignage
image3634.jpg,Food
image10662.jpg,Attire
image6084.jpg,Food
image7130.jpg,Food
image3359.jpg,Attire
image10555.jpg,Attire
image4659.jpg,Attire
image7281.jpg,Attire
image10418.jpg,Attire
image4284.jpg,Food
image5311.jpg,Attire
image4843.jpg,misc
image9380.jpg,Attire
image2337.jpg,Attire
image8595.jpg,Attire
image2382.jpg,Food
image7212.jpg,Attire
image10809.jpg,Food
image1982.jpg,Food
image7977.jpg,Food
image2286.jpg,Food
image7425.jpg,Food
image8183.jpg,Food
image2500.jpg,misc
image2745.jpg,Attire
image6900.jpg,Food
image10026.jpg,misc
image10023.jpg,Decorationandsignage
image5242.jpg,Food
image8103.jpg,Attire
image8682.jpg,Food
image9587.jpg,Food
image8292.jpg,Food
image6693.jpg,Food
image396.jpg,misc
image2287.jpg,Attire
image5451.jpg,Food
image1465.jpg,Food
image1112.jpg,Attire
image10761.jpg,Food
image10236.jpg,Attire
image9933.jpg,Attire
image10628.jpg,Attire
image9361.jpg,misc
image7565.jpg,Food
image8676.jpg,Food
image8144.jpg,Food
image2331.jpg,Food
image9393.jpg,Food
image1691.jpg,Attire
image4228.jpg,Attire
image3122.jpg,Attire
image7853.jpg,Food
image8751.jpg,Attire
image3675.jpg,Food
image600.jpg,Food
image1320.jpg,Decorationandsignage
image8546.jpg,Attire
image7311.jpg,Food
image3127.jpg,misc
image6575.jpg,Food
image3218.jpg,Decorationandsignage
image744.jpg,Food
image10231.jpg,Attire
image3409.jpg,Attire
image2643.jpg,Attire
image2668.jpg,Attire
image7328.jpg,Attire
image2835.jpg,Decorationandsignage
image3889.jpg,Attire
image6074.jpg,Attire
image8121.jpg,Food
image1370.jpg,Food
image3865.jpg,Food
image4270.jpg,Attire
image2314.jpg,Attire
image9278.jpg,Food
image1325.jpg,Attire
image8513.jpg,Food
image892.jpg,misc
image7041.jpg,Decorationandsignage
image7377.jpg,Food
image4344.jpg,Decorationandsignage
image4476.jpg,Attire
image7801.jpg,Food
image1039.jpg,Attire
image4200.jpg,Decorationandsignage
image3441.jpg,Food
image279.jpg,Attire
image8120.jpg,Food
image1737.jpg,Attire
image2139.jpg,Attire
image7248.jpg,Attire
image6826.jpg,Attire
image723.jpg,Attire
image10005.jpg,Food
image2838.jpg,Attire
image3814.jpg,Attire
image6743.jpg,misc
image10774.jpg,Food
image9256.jpg,Food
image8192.jpg,Food
image4780.jpg,Attire
image194.jpg,Food
image2053.jpg,Attire
image1773.jpg,Food
image8434.jpg,Attire
image6863.jpg,Attire
image2794.jpg,Food
image5095.jpg,Attire
image5230.jpg,Attire
image1673.jpg,Attire
image10037.jpg,Attire
image5733.jpg,Attire
image5842.jpg,Food
image1142.jpg,Food
image10350.jpg,Attire
image2729.jpg,Food
image7474.jpg,Food
image10245.jpg,Food
image6040.jpg,Attire
image9140.jpg,Attire
image725.jpg,Attire
image9998.jpg,Attire
image10777.jpg,misc
image2387.jpg,Food
image1519.jpg,Decorationandsignage
image153.jpg,Food
image1399.jpg,misc
image7666.jpg,Food
image8966.jpg,Decorationandsignage
image5319.jpg,Attire
image2049.jpg,Attire
image4557.jpg,Food
image10009.jpg,Food
image9314.jpg,Food
image424.jpg,Food
image5046.jpg,Food
image514.jpg,Food
image8108.jpg,Food
image9121.jpg,Food
image1075.jpg,Attire
image5481.jpg,Decorationandsignage
image6528.jpg,misc
image668.jpg,Attire
image9696.jpg,Food
image9799.jpg,Attire
image3109.jpg,Food
image5671.jpg,Food
image8421.jpg,misc
image9878.jpg,Decorationandsignage
image312.jpg,Attire
image4628.jpg,Food
image10518.jpg,Attire
image8398.jpg,Attire
image5266.jpg,misc
image3551.jpg,Attire
image9884.jpg,Attire
image2912.jpg,Attire
image8527.jpg,Food
image3876.jpg,Attire
image4650.jpg,Decorationandsignage
image8994.jpg,Attire
image6463.jpg,Food
image3319.jpg,Attire
image7106.jpg,Decorationandsignage
image4473.jpg,Attire
image493.jpg,Attire
image6981.jpg,Attire
image2789.jpg,Food
image4892.jpg,Attire
image8657.jpg,Food
image6182.jpg,Food
image2659.jpg,Food
image1503.jpg,Decorationandsignage
image9098.jpg,Food
image10330.jpg,misc
image5156.jpg,Attire
image10770.jpg,Attire
image8291.jpg,Food
image3736.jpg,Food
image8853.jpg,Food
image1840.jpg,Food
image8349.jpg,Food
image10510.jpg,Food
image4674.jpg,Attire
image5274.jpg,Food
image8645.jpg,Attire
image10501.jpg,Food
image5675.jpg,Attire
image6847.jpg,Attire
image10124.jpg,Food
image5216.jpg,misc
image4308.jpg,Attire
image2575.jpg,Attire
image4207.jpg,Food
image2777.jpg,Attire
image9220.jpg,Food
image324.jpg,Food
image9942.jpg,Attire
image6968.jpg,Attire
image4184.jpg,Attire
image8551.jpg,Food
image7096.jpg,Attire
image819.jpg,Attire
image8532.jpg,Decorationandsignage
image2391.jpg,Food
image9972.jpg,Food
image8177.jpg,misc
image8688.jpg,Attire
image8473.jpg,misc
image7272.jpg,Attire
image1960.jpg,Food
image2142.jpg,Attire
image4031.jpg,Food
image10238.jpg,Food
image6130.jpg,Attire
image9352.jpg,Food
image4866.jpg,Food
image8593.jpg,Attire
image462.jpg,Food
image4156.jpg,misc
image4549.jpg,Food
image3648.jpg,Decorationandsignage
image3550.jpg,Attire
image9964.jpg,Attire
image2483.jpg,Food
image7371.jpg,Attire
image1613.jpg,Attire
image7959.jpg,Food
image1625.jpg,Food
image3570.jpg,Decorationandsignage
image9418.jpg,Food
image7132.jpg,Decorationandsignage
image572.jpg,Attire
image5761.jpg,Food
image6255.jpg,Attire
image1263.jpg,misc
image7421.jpg,Food
image2955.jpg,Food
image8675.jpg,Attire
image6670.jpg,Food
image4341.jpg,Food
image6399.jpg,Attire
image4680.jpg,Decorationandsignage
image5020.jpg,Food
image3177.jpg,Attire
image10024.jpg,Food
image2205.jpg,Food
image7142.jpg,Food
image10027.jpg,Attire
image8485.jpg,Food
image2330.jpg,Attire
image4337.jpg,Attire
image10874.jpg,Food
image9219.jpg,Attire
image5849.jpg,Food
image4889.jpg,Attire
image10364.jpg,Food
image9824.jpg,Attire
image6213.jpg,misc
image10429.jpg,Attire
image9453.jpg,Attire
image9411.jpg,Food
image9020.jpg,Food
image7827.jpg,Food
image9405.jpg,Attire
image9961.jpg,Attire
image335.jpg,Food
image8174.jpg,Food
image4848.jpg,Food
image8733.jpg,misc
image367.jpg,Food
image7015.jpg,Food
image9181.jpg,Attire
image8199.jpg,Attire
image3057.jpg,Food
image923.jpg,Attire
image1716.jpg,Food
image10411.jpg,Attire
image8725.jpg,Food
image7559.jpg,Food
image4717.jpg,Food
image4910.jpg,Food
image8921.jpg,Food
image4399.jpg,Food
image1245.jpg,Decorationandsignage
image9437.jpg,Attire
image2601.jpg,Food
image4074.jpg,Attire
image7772.jpg,Food
image5443.jpg,Food
image8150.jpg,Food
image1123.jpg,Food
image5048.jpg,Food
image10748.jpg,Food
image9978.jpg,Food
image5315.jpg,Decorationandsignage
image10552.jpg,Decorationandsignage
image7495.jpg,misc
image1653.jpg,Food
image6025.jpg,misc
image5500.jpg,Attire
image6536.jpg,Attire
image5533.jpg,Food
image7445.jpg,Attire
image10827.jpg,Food
image6231.jpg,Attire
image4334.jpg,Attire
image9712.jpg,Food
image5588.jpg,Food
image215.jpg,Attire
image2896.jpg,Food
image3480.jpg,Food
image10825.jpg,misc
image5316.jpg,Food
image1752.jpg,Attire
image2461.jpg,Attire
image1203.jpg,Food
image5949.jpg,Food
image1674.jpg,Food
image10169.jpg,Food
image9408.jpg,Food
image968.jpg,Food
image9509.jpg,misc
image6815.jpg,Attire
image7408.jpg,Food
image5165.jpg,Attire
image7825.jpg,Attire
image2145.jpg,Attire
image1828.jpg,Attire
image3305.jpg,Attire
image8812.jpg,Attire
image1984.jpg,Decorationandsignage
image1602.jpg,Food
image6071.jpg,Attire
image458.jpg,Food
image1027.jpg,misc
image5188.jpg,Attire
image2444.jpg,Food
image68.jpg,Food
image6285.jpg,Attire
image5724.jpg,Food
image6105.jpg,Food
image1597.jpg,Attire
image8430.jpg,Attire
image5024.jpg,Attire
image5327.jpg,Attire
image8270.jpg,Food
image9258.jpg,Attire
image928.jpg,Food
image6449.jpg,Attire
image2175.jpg,Attire
image2427.jpg,Attire
image4002.jpg,Food
image4827.jpg,Decorationandsignage
image4822.jpg,Attire
image7859.jpg,Food
image866.jpg,Food
image3500.jpg,Decorationandsignage
image5371.jpg,Attire
image6501.jpg,Decorationandsignage
image6010.jpg,misc
image9211.jpg,Attire
image8395.jpg,Attire
image3398.jpg,misc
image9111.jpg,Food
image6574.jpg,Decorationandsignage
image10210.jpg,Attire
image8052.jpg,Food
image9699.jpg,Food
image7660.jpg,Attire
image1642.jpg,Food
image7585.jpg,Food
image3056.jpg,Attire
image5968.jpg,Attire
image4377.jpg,Food
image9006.jpg,Food
image3783.jpg,Food
image9191.jpg,Attire
image3448.jpg,Attire
image2848.jpg,misc
image1056.jpg,Attire
image3471.jpg,Attire
image6132.jpg,Food
image6282.jpg,Attire
image4651.jpg,Food
image10159.jpg,misc
image7530.jpg,Attire
image7383.jpg,Food
image2109.jpg,Attire
image7375.jpg,Food
image10455.jpg,Food
image9493.jpg,Food
image9443.jpg,Attire
image6697.jpg,Attire
image3277.jpg,Attire
image5101.jpg,Attire
image298.jpg,Food
image9472.jpg,Food
image8193.jpg,Food
image5953.jpg,Food
image5546.jpg,Food
image1291.jpg,Attire
image1783.jpg,Food
image8646.jpg,Attire
image7107.jpg,Attire
image884.jpg,Attire
image8818.jpg,Attire
image6624.jpg,Food
image6053.jpg,Food
image5659.jpg,Attire
image7067.jpg,Food
image2726.jpg,Attire
image7317.jpg,Attire
image4895.jpg,Attire
image8638.jpg,Attire
image1594.jpg,Food
image2597.jpg,Decorationandsignage
image6367.jpg,Food
image3591.jpg,Attire
image9291.jpg,Decorationandsignage
image6907.jpg,Food
image10297.jpg,Attire
image9869.jpg,Food
image6497.jpg,Attire
image5332.jpg,Food
image3214.jpg,Food
image6704.jpg,Decorationandsignage
image2867.jpg,Attire
image1439.jpg,Food
image561.jpg,Food
image6177.jpg,Attire
image5347.jpg,Attire
image761.jpg,misc
image8910.jpg,Attire
image5527.jpg,Decorationandsignage
image10747.jpg,Food
image7601.jpg,Food
image5539.jpg,Food
image7865.jpg,misc
image4921.jpg,Food
image4982.jpg,Attire
image7254.jpg,Attire
image3444.jpg,Attire
image3610.jpg,Attire
image6514.jpg,Food
image438.jpg,Attire
image9299.jpg,Food
image9700.jpg,Food
image2349.jpg,Attire
image7125.jpg,Food
image3440.jpg,Food
image8579.jpg,Food
image5478.jpg,Attire
image1175.jpg,Attire
image9565.jpg,Attire
image9678.jpg,Food
image6950.jpg,Attire
image2135.jpg,Attire
image5542.jpg,Attire
image2085.jpg,Food
image3144.jpg,Attire
image7206.jpg,Attire
image7228.jpg,misc
image5268.jpg,Attire
image5351.jpg,Food
image1260.jpg,Attire
image7800.jpg,Food
image2888.jpg,Food
image10548.jpg,Attire
image1108.jpg,Attire
image3352.jpg,Attire
image1037.jpg,Food
image6934.jpg,Attire
image8025.jpg,Decorationandsignage
image5754.jpg,Decorationandsignage
image7569.jpg,Food
image10327.jpg,Attire
image5493.jpg,Decorationandsignage
image7967.jpg,Food
image9165.jpg,misc
image2757.jpg,Attire
image8095.jpg,Food
image4503.jpg,Food
image9580.jpg,Attire
image3382.jpg,Food
image8709.jpg,Attire
image3470.jpg,Food
image10884.jpg,Food
image3028.jpg,Food
image2221.jpg,Food
image2543.jpg,Attire
image541.jpg,Food
image1084.jpg,Food
image7458.jpg,Food
image7932.jpg,Attire
image9438.jpg,Attire
image4332.jpg,Food
image4263.jpg,Food
image5437.jpg,Attire
image2611.jpg,Food
image8404.jpg,misc
image5522.jpg,Attire
image3168.jpg,Attire
image2001.jpg,Attire
image4857.jpg,Food
image3047.jpg,Decorationandsignage
image7723.jpg,Attire
image5211.jpg,misc
image9970.jpg,Food
image5959.jpg,Attire
image4446.jpg,Food
image171.jpg,Attire
image3619.jpg,Food
image7050.jpg,Food
image10309.jpg,Food
image10845.jpg,Attire
image10342.jpg,Food
image7767.jpg,Attire
image4923.jpg,Attire
image9072.jpg,Decorationandsignage
image1224.jpg,Attire
image4186.jpg,Attire
image10821.jpg,Attire
image10450.jpg,Food
image5210.jpg,Attire
image3283.jpg,Food
image10576.jpg,Food
image2739.jpg,Decorationandsignage
image10067.jpg,Attire
image5502.jpg,Attire
image4331.jpg,Attire
image10081.jpg,Food
image10810.jpg,Food
image5827.jpg,Food
image7616.jpg,Food
image1151.jpg,Decorationandsignage
image3237.jpg,Attire
image6357.jpg,Decorationandsignage
image4658.jpg,Attire
image9793.jpg,Food
image5569.jpg,Food
image1120.jpg,misc
image505.jpg,Attire
image4345.jpg,Food
image6489.jpg,misc
image2032.jpg,Food
image1377.jpg,Decorationandsignage
image5537.jpg,Decorationandsignage
image2593.jpg,Attire
image6475.jpg,misc
image5240.jpg,Food
image869.jpg,Food
image7277.jpg,Food
image569.jpg,Food
image9484.jpg,Food
image6179.jpg,Decorationandsignage
image2327.jpg,Decorationandsignage
image9236.jpg,Food
image7428.jpg,Food
image8855.jpg,Food
image2684.jpg,Attire
image2457.jpg,Food
image6522.jpg,Food
image7099.jpg,Attire
image5255.jpg,Attire
image10145.jpg,Decorationandsignage
image1887.jpg,Attire
image1375.jpg,Attire
image10305.jpg,Food
image1072.jpg,Food
image7308.jpg,Food
image685.jpg,Attire
image3536.jpg,Attire
image178.jpg,misc
image3677.jpg,Attire
image8599.jpg,Food
image8727.jpg,Attire
image7215.jpg,Attire
image6028.jpg,Attire
image271.jpg,Attire
image10886.jpg,Decorationandsignage
image10858.jpg,Food
image7001.jpg,Attire
image85.jpg,Attire
image10756.jpg,Attire
image10768.jpg,Attire
image8787.jpg,Attire
image511.jpg,Food
image4234.jpg,Attire
image4527.jpg,Attire
image362.jpg,Attire
image3021.jpg,Attire
image8198.jpg,Food
image9892.jpg,Food
image9768.jpg,Attire
image3090.jpg,Decorationandsignage
image5832.jpg,Decorationandsignage
image10278.jpg,Food
image5609.jpg,Food
image7034.jpg,Attire
image7503.jpg,Attire
image6848.jpg,Food
image8766.jpg,Attire
image1059.jpg,Food
image2352.jpg,Decorationandsignage
image6038.jpg,Attire
image10669.jpg,Food
image9708.jpg,Food
image2172.jpg,Food
image8273.jpg,Attire
image10784.jpg,Food
image3402.jpg,Food
image6630.jpg,misc
image2540.jpg,Attire
image7013.jpg,misc
image6332.jpg,Decorationandsignage
image4032.jpg,Attire
image1569.jpg,Food
image3537.jpg,Decorationandsignage
image547.jpg,Attire
image3106.jpg,Food
image7097.jpg,Food
image5535.jpg,Attire
image8961.jpg,Attire
image2641.jpg,Food
image4605.jpg,Food
image10151.jpg,Food
image6480.jpg,Attire
image10317.jpg,Food
image4706.jpg,Attire
image8363.jpg,Food
image3600.jpg,Decorationandsignage
image1767.jpg,Food
image9879.jpg,Food
image269.jpg,Food
image9530.jpg,Attire
image451.jpg,Attire
image7085.jpg,Food
image4749.jpg,misc
image7137.jpg,Attire
image2028.jpg,Food
image549.jpg,Food
image1546.jpg,Decorationandsignage
image10744.jpg,Attire
image9563.jpg,Decorationandsignage
image6809.jpg,Food
image7267.jpg,Decorationandsignage
image8449.jpg,Decorationandsignage
image5769.jpg,Attire
image5906.jpg,Attire
image7218.jpg,Food
image10530.jpg,Food
image10478.jpg,Attire
image6037.jpg,Food
image8091.jpg,Food
image10872.jpg,Food
image8789.jpg,Food
image9243.jpg,Attire
image234.jpg,Attire
image8167.jpg,Decorationandsignage
image4646.jpg,Attire
image2528.jpg,Attire
image5838.jpg,Attire
image1022.jpg,Food
image5445.jpg,Food
image10349.jpg,Attire
image7072.jpg,Attire
image2138.jpg,Attire
image3193.jpg,Food
image10436.jpg,misc
image10611.jpg,Food
image649.jpg,Food
image1082.jpg,Decorationandsignage
image8735.jpg,Food
image2276.jpg,Food
image745.jpg,Food
image6778.jpg,Attire
image3978.jpg,Food
image4897.jpg,misc
image6050.jpg,Food
image7033.jpg,Attire
image10178.jpg,Food
image1497.jpg,Decorationandsignage
image2982.jpg,Attire
image6582.jpg,Decorationandsignage
image355.jpg,Attire
image5136.jpg,Food
image652.jpg,Decorationandsignage
image10191.jpg,Food
image4514.jpg,Food
image1730.jpg,Attire
image3349.jpg,Food
image10115.jpg,misc
image3679.jpg,Food
image497.jpg,Attire
image9344.jpg,Attire
image2475.jpg,Decorationandsignage
image8728.jpg,Attire
image1287.jpg,Attire
image7869.jpg,Food
image7900.jpg,Attire
image373.jpg,Attire
image8881.jpg,Attire
image4902.jpg,Attire
image5826.jpg,Attire
image9374.jpg,Food
image4199.jpg,Attire
image9403.jpg,Attire
image272.jpg,Attire
image4104.jpg,Decorationandsignage
image797.jpg,Food
image10158.jpg,Food
image4793.jpg,Attire
image861.jpg,Attire
image213.jpg,Decorationandsignage
image10583.jpg,Attire
image7177.jpg,Attire
image10147.jpg,Attire
image8058.jpg,Food
image10640.jpg,Attire
image9025.jpg,Food
image3994.jpg,Food
image8935.jpg,misc
image7763.jpg,Attire
image7609.jpg,Attire
image5126.jpg,Food
image9066.jpg,Food
image6530.jpg,Attire
image6957.jpg,Food
image1601.jpg,Attire
image2701.jpg,Food
image4185.jpg,Food
image513.jpg,Attire
image4297.jpg,Decorationandsignage
image8432.jpg,Attire
image6390.jpg,Food
image2134.jpg,Food
image1479.jpg,Decorationandsignage
image6914.jpg,Attire
image6081.jpg,Attire
image4086.jpg,Attire
image1736.jpg,Attire
image7505.jpg,Attire
image554.jpg,Food
image360.jpg,Attire
image1544.jpg,Food
image2925.jpg,Food
image656.jpg,Attire
image9465.jpg,Food
image1038.jpg,Attire
image9062.jpg,Decorationandsignage
image4759.jpg,Food
image6555.jpg,Attire
image2878.jpg,Attire
image5870.jpg,Attire
image9897.jpg,Attire
image7987.jpg,Attire
image8384.jpg,Food
image9442.jpg,Food
image3862.jpg,Attire
image3260.jpg,Attire
image6977.jpg,Food
image6378.jpg,Attire
image2566.jpg,Attire
image3628.jpg,Attire
image1468.jpg,misc
image9684.jpg,Attire
image9240.jpg,Food
image4957.jpg,Food
image9944.jpg,Attire
image5630.jpg,Attire
image120.jpg,Decorationandsignage
image7993.jpg,Food
image8231.jpg,Attire
image1535.jpg,Attire
image8951.jpg,Food
image6407.jpg,misc
image10410.jpg,Food
image8261.jpg,Attire
image5450.jpg,Food
image9511.jpg,misc
image2013.jpg,Attire
image6364.jpg,Food
image9200.jpg,Food
image9153.jpg,Attire
image1220.jpg,Food
image7942.jpg,Food
image7603.jpg,Food
image1929.jpg,Attire
image5857.jpg,Food
image2007.jpg,Food
image2146.jpg,Attire
image1588.jpg,Food
image5337.jpg,Food
image3449.jpg,Food
image3183.jpg,Attire
image5667.jpg,Decorationandsignage
image1332.jpg,Food
image4222.jpg,Decorationandsignage
image1486.jpg,Attire
image10217.jpg,Attire
image740.jpg,Decorationandsignage
image5705.jpg,Food
image8891.jpg,Attire
image7362.jpg,Attire
image1207.jpg,Attire
image3019.jpg,Attire
image2179.jpg,Attire
image1778.jpg,Food
image8587.jpg,Attire
image6910.jpg,Attire
image9163.jpg,Food
image8867.jpg,Attire
image7905.jpg,misc
image3039.jpg,Food
image6617.jpg,Attire
image7064.jpg,Attire
image1731.jpg,Food
image2041.jpg,misc
image6070.jpg,Food
image3280.jpg,Attire
image9958.jpg,Attire
image9293.jpg,Food
image10685.jpg,Food
image9945.jpg,Food
image9988.jpg,Attire
image7306.jpg,Attire
image2610.jpg,Attire
image2627.jpg,Food
image6962.jpg,Decorationandsignage
image10012.jpg,Attire
image4271.jpg,Attire
image10008.jpg,Attire
image3143.jpg,Food
image8429.jpg,Food
image750.jpg,Food
image7940.jpg,Food
image8075.jpg,Food
image8684.jpg,Attire
image10694.jpg,Food
image5173.jpg,Food
image5801.jpg,Attire
image6963.jpg,Decorationandsignage
image1857.jpg,Attire
image10508.jpg,Attire
image329.jpg,misc
image7339.jpg,misc
image280.jpg,misc
image4802.jpg,Attire
image6429.jpg,Attire
image5448.jpg,Food
image2570.jpg,misc
image10047.jpg,Attire
image9594.jpg,Decorationandsignage
image5389.jpg,Attire
image519.jpg,Decorationandsignage
image2747.jpg,Food
image5112.jpg,Attire
image9653.jpg,Attire
image4604.jpg,Food
image8714.jpg,Attire
image9987.jpg,Food
image3337.jpg,Attire
image416.jpg,Attire
image2675.jpg,Attire
image8033.jpg,Attire
image10623.jpg,Food
image2818.jpg,Attire
image9368.jpg,Attire
image5404.jpg,Decorationandsignage
image7731.jpg,Attire
image6410.jpg,Food
image9882.jpg,Food
image7664.jpg,Attire
image6243.jpg,Attire
image784.jpg,Food
image141.jpg,Attire
image10659.jpg,Attire
image5062.jpg,misc
image10596.jpg,misc
image9130.jpg,Attire
image10570.jpg,Decorationandsignage
image4452.jpg,Food
image1718.jpg,Attire
image9671.jpg,Attire
image9913.jpg,Decorationandsignage
image1036.jpg,Food
image2650.jpg,Attire
image1417.jpg,Attire
image6265.jpg,Decorationandsignage
image5877.jpg,Decorationandsignage
image9656.jpg,Attire
image6333.jpg,Attire
image3680.jpg,Food
image6075.jpg,Food
image8213.jpg,Decorationandsignage
image1539.jpg,Food
image9969.jpg,Attire
image3870.jpg,Decorationandsignage
image1096.jpg,Attire
image2951.jpg,Attire
image7456.jpg,Food
image7111.jpg,Food
image148.jpg,Attire
image145.jpg,Food
image9260.jpg,Attire
image7187.jpg,Food
image3828.jpg,Attire
image10736.jpg,Attire
image9801.jpg,Attire
image1872.jpg,Food
image7133.jpg,Food
image4630.jpg,Food
image1766.jpg,Attire
image9499.jpg,Food
image796.jpg,Attire
image10850.jpg,Attire
image7057.jpg,Attire
image4335.jpg,misc
image10836.jpg,Food
image10363.jpg,Decorationandsignage
image7856.jpg,Decorationandsignage
image256.jpg,Food
image6166.jpg,Food
image9701.jpg,Attire
image4967.jpg,Food
image7263.jpg,Food
image10307.jpg,Attire
image1869.jpg,Decorationandsignage
image1193.jpg,Food
image3690.jpg,Decorationandsignage
image4932.jpg,Food
image1917.jpg,Food
image9837.jpg,Food
image6805.jpg,Attire
image5934.jpg,Food
image3126.jpg,Attire
image10360.jpg,Attire
image4961.jpg,Attire
image2338.jpg,Food
image7506.jpg,Food
image8924.jpg,Decorationandsignage
image8032.jpg,Food
image6122.jpg,Food
image2753.jpg,misc
image10046.jpg,Food
image10150.jpg,Attire
image388.jpg,Food
image2339.jpg,misc
image6156.jpg,Food
image10830.jpg,Attire
image4914.jpg,Food
image155.jpg,Food
image10119.jpg,Attire
image5572.jpg,Food
image9529.jpg,Attire
image4461.jpg,Attire
image9454.jpg,Food
image3544.jpg,Food
image2914.jpg,Food
image2738.jpg,Food
image2613.jpg,Attire
image2856.jpg,Attire
image9274.jpg,Attire
image4442.jpg,Food
image5119.jpg,Attire
image8564.jpg,Attire
image4836.jpg,Attire
image1530.jpg,Food
image336.jpg,Attire
image7734.jpg,Food
image537.jpg,Attire
image2448.jpg,Food
image1924.jpg,Food
image8569.jpg,misc
image8474.jpg,Food
image9538.jpg,Attire
image1816.jpg,Attire
image5943.jpg,Attire
image1235.jpg,Food
image3141.jpg,Food
image4665.jpg,Decorationandsignage
image10691.jpg,Food
image2177.jpg,Decorationandsignage
image1978.jpg,Food
image8302.jpg,Attire
image6005.jpg,Food
image4319.jpg,Food
image8222.jpg,Attire
image4968.jpg,Food
image6673.jpg,Attire
image3442.jpg,Attire
image8178.jpg,Decorationandsignage
image5367.jpg,misc
